{
    "id": "WhooshFire",
    "classType": "BS.FXData",
    "version": 2,
    "category": 1,
    "lifeTime": 0.0,
    "fireOnStart": false,
    "audioContainerPath": "WhooshFire",
    "minPitch": 0.10000000149011612,
    "maxPitch": 1.0,
    "minVolume": 0.0,
    "maxVolume": 1.0,
    "loopFadeDelay": 0.0,
    "audioContainerPath2": "",
    "particlePrefabPath": "",
    "projectorPrefabPath": "",
    "projectorFading": true,
    "projectorMinMaxSize": {
        "x": 0.009999999776482582,
        "y": 0.20000000298023225
    },
    "projectorOverrideColor": false,
    "projectorColor": {
        "r": 0.0,
        "g": 0.0,
        "b": 0.0,
        "a": 0.0
    },
    "gradientAlphaKeys": [],
    "gradientColorKeys": [],
    "gradientMode": 0,
    "gradientShaderColorProperty": 2,
    "projectorRefreshSpeed": 0.10000000149011612
}