﻿{
    "id": "IncendioCinis",
    "classType": "BS.Item",
    "version": 3,
    "displayName": "Incendio Cinis",
    "description": "",
    "price": 0.0,
    "levelRequired": 0,
    "clutter": 3,
    "isStackable": false,
    "pool": false,
    "category": 2,
    "prefabName": "IncendioCinisBundle;Assets/Curtis VR/Weapons/IncendioCinisPrefab.prefab",
    "mass": 1.5,
    "drag": 1,
    "angularDrag": 0.050000000745058057,
    "useGravity": true,
    "overrideInertiaTensor": false,
    "inertiaTensor": 
    {
        "x": 0.0,
        "y": 0.0,
        "z": 0.0
    },
    "collisionMaxOverride": 0,
    "collisionEnterOnly": false,
    "ignoredCollisionRagdollParts": 
    [],
    "audioSnapPath": "SnapSword",
    "flyFromThrow": true,
    "flyRotationSpeed": 2.0,
    "flyThrowAngle": 0.0,
    "telekinesisSafeDistance": 1.0,
    "telekinesisSpinEnabled": true,
    "telekinesisThrowRatio": 1.0,
    "transfertDamageToHandler": false,
    "paintable": true,
    "customSnaps": 
    [],
    "aiDefenseIgnoreAttackRotation": false,
    "aiDefenseWeaponRotation": 90.0,
    "aiDefenseWeaponDualRotation": 60.0,
    "aiDefenseArmResistanceMultiplier": 3.0,
    "aiDefenseWeaponLenght": 0.38999998569488525,
    "aiDefenseWeaponAxisPos": 0.31999999284744263,
    "aiDefenseWeaponRevertAngleRange": 
    {
        "x": -80.0,
        "y": -180.0
    },
    "aiDefenseWeaponDefaultPosition": 
    {
        "x": 0.0,
        "y": 0.0,
        "z": 0.0
    },
    "aiDefenseWeaponDefaultLeftRotation": 
    {
        "x": 25.0,
        "y": -10.0,
        "z": -65.0
    },
    "aiDefenseWeaponDefaultRightRotation": 
    {
        "x": 30.0,
        "y": 5.0,
        "z": 60.0
    },
    "aiDefenseAllowDynamicHeight": false,
    "aiDefenseDodgeBehaviour": 2,
    "aiDefenseHasPriority": false,
    "aiAttackIgnore": false,
    "aiAttackforceIgnoreRotation": false,
    "damagers": 
    [
        {
            "transformName": "Pierce",
            "damagerID": "SwordPierce"
        },
        {
            "transformName": "Slash",
            "damagerID": "SwordHeavySlash"
        },
        {
            "transformName": "Blunt",
            "damagerID": "IncendioCinisHandleBlunt"
        }
    ],
    "Interactables": 
    [
        {
            "transformName": "Handle1",
            "interactableId": "ObjectHandleLight2H",
            "overrideHandPose": false,
            "handPoseId": ""
        },
        {
            "transformName": "Handle2",
            "interactableId": "ObjectHandleLight2H",
            "overrideHandPose": false,
            "handPoseId": ""
        }
    ],
    "whooshs": 
    [
        {
            "transformName": "Whoosh",
            "fxId": "WhooshSwordLight",
            "trigger": 0,
            "minVelocity": 5.0,
            "maxVelocity": 12.0
        },
        {
            "transformName": "WhooshFire",
            "fxId": "WhooshFire",
            "trigger": 0,
            "minVelocity": 5.0,
            "maxVelocity": 12.0
        }
    ],
    "weaponClass": 1,
    "weaponType": 1,
    "weaponHandling": 1,
    "armor": 0,
    "umaSlot": 0,
    "maleRecipeName": "",
    "femaleRecipeName": "",
    "liquidCurrentLevel": 0.0,
    "liquidMaxLevel": 0.0,
    "liquidType": 0
}