{
	"Name": "Incendio Cinis",
	"Version": "1.1",
	"Author": "Curtis VR",
	"Description": "Murasama from Jetstream Samuel but engulfed in flames and re-textured/normal mapped. It was inspired by a fan fiction story in the RWBY universe written by me & my friend.",
	"Assembly": null,
	"HasJson": true,
	"Bundles": 
	[
		{
			"Name": "IncendioCinisBundle",
			"Path": "incendiocinisprefab.bundle"
		},
		{
			"Name": "IncendioCinisNoFireBundle",
			"Path": "incendiocinisnofireprefab.bundle"
		}
	]
}